Country.Iso3166.Alpha2Code,Country.Name,IOC.Code,IOC.Recognized,NOC.Name,NOC.Established,NOC.Association.Code,NOC.Association.Name
AD,Andorra,AND,1975,Comitè Olímpic Andorrà,1971,EOC,European Olympic Committees (EOC)
AE,United Arab Emirates (the),UAE,1980,United Arab Emirates National Olympic Committee,1979,OCA,Olympic Council of Asia (OCA)
AF,Afghanistan,AFG,1936,National Olympic Committee of the Islamic Republic of Afghanistan,1920,OCA,Olympic Council of Asia (OCA)
AG,Antigua and Barbuda,ANT,1976,The Antigua and Barbuda Olympic Association,1966,PANAM SPORTS,Panam Sports Organisation (PANAM SPORTS)
AL,Albania,ALB,1959,Albanian National Olympic Committee,1958,EOC,European Olympic Committees (EOC)
AM,Armenia,ARM,1993,National Olympic Committee of Armenia,1990,EOC,European Olympic Committees (EOC)
AO,Angola,ANG,1980,Comité Olímpico Angolano,1979,ANOCA,Association of National Olympic Committees of Africa (ANOCA)
AR,Argentina,ARG,1923,Comité Olímpico Argentino,1923,PANAM SPORTS,Panam Sports Organisation (PANAM SPORTS)
AS,American Samoa,ASA,1987,American Samoa National Olympic Committee,1987,ONOC,Oceania National Olympic Committees (ONOC)
AT,Austria,AUT,1912,Österreichisches Olympisches Comité,1908,EOC,European Olympic Committees (EOC)
AU,Australia,AUS,1895,Australian Olympic Committee Inc.,1895,ONOC,Oceania National Olympic Committees (ONOC)
AW,Aruba,ARU,1986,Comité Olímpico Arubano,1985,PANAM SPORTS,Panam Sports Organisation (PANAM SPORTS)
AZ,Azerbaijan,AZE,1993,National Olympic Committee of the Azerbaijani Republic,1992,EOC,European Olympic Committees (EOC)
BA,Bosnia and Herzegovina,BIH,1993,Olympic Committee of Bosnia and Herzegovina,1992,EOC,European Olympic Committees (EOC)
BB,Barbados,BAR,1955,The Barbados Olympic Association Incorporated,1955,PANAM SPORTS,Panam Sports Organisation (PANAM SPORTS)
BD,Bangladesh,BAN,1980,Bangladesh Olympic Association,1979,OCA,Olympic Council of Asia (OCA)
BE,Belgium,BEL,1906,Belgian Olympic & Interfederal Committee,1906,EOC,European Olympic Committees (EOC)
BF,Burkina Faso,BUR,1972,Comité National Olympique et des Sports Burkinabè,1965,ANOCA,Association of National Olympic Committees of Africa (ANOCA)
BG,Bulgaria,BUL,1924,Bulgarian Olympic Committee,1923,EOC,European Olympic Committees (EOC)
BH,Bahrain,BRN,1979,Bahrain Olympic Committee,1978,OCA,Olympic Council of Asia (OCA)
BI,Burundi,BDI,1993,Comité National Olympique du Burundi,1990,ANOCA,Association of National Olympic Committees of Africa (ANOCA)
BJ,Benin,BEN,1962,Comité National Olympique et Sportif Béninois,1962,ANOCA,Association of National Olympic Committees of Africa (ANOCA)
BM,Bermuda,BER,1936,Bermuda Olympic Association,1935,PANAM SPORTS,Panam Sports Organisation (PANAM SPORTS)
BN,Brunei Darussalam,BRU,1984,Brunei Darussalam National Olympic Council,1984,OCA,Olympic Council of Asia (OCA)
BO,Bolivia (Plurinational State of),BOL,1936,Comité Olímpico Boliviano,1932,PANAM SPORTS,Panam Sports Organisation (PANAM SPORTS)
BR,Brazil,BRA,1935,Comitê Olímpico Brasileiro,1935,PANAM SPORTS,Panam Sports Organisation (PANAM SPORTS)
BS,Bahamas (the),BAH,1952,Bahamas Olympic Committee,1952,PANAM SPORTS,Panam Sports Organisation (PANAM SPORTS)
BT,Bhutan,BHU,1983,Bhutan Olympic Committee,1983,OCA,Olympic Council of Asia (OCA)
BW,Botswana,BOT,1980,Botswana National Olympic Committee,1978,ANOCA,Association of National Olympic Committees of Africa (ANOCA)
BY,Belarus,BLR,1993,Belarus Olympic Committee,1991,EOC,European Olympic Committees (EOC)
BZ,Belize,BIZ,1967,Belize Olympic and Commonwealth Games Association,1967,PANAM SPORTS,Panam Sports Organisation (PANAM SPORTS)
CA,Canada,CAN,1907,Canadian Olympic Committee,1904,PANAM SPORTS,Panam Sports Organisation (PANAM SPORTS)
CD,Congo (the Democratic Republic of the),COD,1968,Comité Olympique Congolais,1963,ANOCA,Association of National Olympic Committees of Africa (ANOCA)
CF,Central African Republic (the),CAF,1965,Comité National Olympique et Sportif Centrafricain,1964,ANOCA,Association of National Olympic Committees of Africa (ANOCA)
CG,Congo (the),CGO,1964,Comité National Olympique et Sportif Congolais,1964,ANOCA,Association of National Olympic Committees of Africa (ANOCA)
CH,Switzerland,SUI,1912,Swiss Olympic,1912,EOC,European Olympic Committees (EOC)
CI,Côte d'Ivoire,CIV,1963,Comité National Olympique de Côte d'Ivoire,1962,ANOCA,Association of National Olympic Committees of Africa (ANOCA)
CK,Cook Islands (the),COK,1986,Cook Islands Sports and National Olympic Committee,1986,ONOC,Oceania National Olympic Committees (ONOC)
CL,Chile,CHI,1934,Comité Olímpico de Chile,1934,PANAM SPORTS,Panam Sports Organisation (PANAM SPORTS)
CM,Cameroon,CMR,1963,Comité National Olympique et Sportif du Cameroun,1963,ANOCA,Association of National Olympic Committees of Africa (ANOCA)
CN,China,CHN,1922,Chinese Olympic Committee,1910,OCA,Olympic Council of Asia (OCA)
CO,Colombia,COL,1939,Comité Olímpico Colombiano,1936,PANAM SPORTS,Panam Sports Organisation (PANAM SPORTS)
CR,Costa Rica,CRC,1954,Comité Olímpico Nacional de Costa Rica,1953,PANAM SPORTS,Panam Sports Organisation (PANAM SPORTS)
CU,Cuba,CUB,1954,Comité Olímpico Cubano,1937,PANAM SPORTS,Panam Sports Organisation (PANAM SPORTS)
CV,Cabo Verde,CPV,1993,Comité Olímpico Cabo-Verdiano,1989,ANOCA,Association of National Olympic Committees of Africa (ANOCA)
CY,Cyprus,CYP,1978,Cyprus National Olympic Committee,1974,EOC,European Olympic Committees (EOC)
CZ,Czechia,CZE,1899,Czech Olympic Committee,1899,EOC,European Olympic Committees (EOC)
DE,Germany,GER,1895,Deutscher Olympischer Sportbund,1895,EOC,European Olympic Committees (EOC)
DJ,Djibouti,DJI,1984,Comité Olympique Djiboutien,1983,ANOCA,Association of National Olympic Committees of Africa (ANOCA)
DK,Denmark,DEN,1905,National Olympic Committee and Sports Confederation of Denmark,1905,EOC,European Olympic Committees (EOC)
DM,Dominica,DMA,1993,Dominica Olympic Committee,1987,PANAM SPORTS,Panam Sports Organisation (PANAM SPORTS)
DO,Dominican Republic (the),DOM,1962,Comité Olímpico Dominicano,1946,PANAM SPORTS,Panam Sports Organisation (PANAM SPORTS)
DZ,Algeria,ALG,1964,Comité Olympique et Sportif Algérien,1963,ANOCA,Association of National Olympic Committees of Africa (ANOCA)
EC,Ecuador,ECU,1962,Comité Olímpico Ecuatoriano,1946,PANAM SPORTS,Panam Sports Organisation (PANAM SPORTS)
EE,Estonia,EST,1924,Estonian Olympic Committee,1923,EOC,European Olympic Committees (EOC)
EG,Egypt,EGY,1910,Egyptian Olympic Committee,1910,ANOCA,Association of National Olympic Committees of Africa (ANOCA)
ER,Eritrea,ERI,1999,Eritrean National Olympic Committee,1996,ANOCA,Association of National Olympic Committees of Africa (ANOCA)
ES,Spain,ESP,1912,Comité Olímpico Español,1912,EOC,European Olympic Committees (EOC)
ET,Ethiopia,ETH,1954,Ethiopian Olympic Committee,1948,ANOCA,Association of National Olympic Committees of Africa (ANOCA)
FI,Finland,FIN,1907,Suomen Olympiakomitea,1907,EOC,European Olympic Committees (EOC)
FJ,Fiji,FIJ,1955,Fiji Association of Sports and National Olympic Committee,1949,ONOC,Oceania National Olympic Committees (ONOC)
FM,Micronesia (Federated States of),FSM,1997,Federated States of Micronesia National Olympic Committee,1995,ONOC,Oceania National Olympic Committees (ONOC)
FR,France,FRA,1894,Comité National Olympique et Sportif Français,1894,EOC,European Olympic Committees (EOC)
GA,Gabon,GAB,1968,Comité Olympique Gabonais,1965,ANOCA,Association of National Olympic Committees of Africa (ANOCA)
GB,United Kingdom of Great Britain and Northern Ireland (the),GBR,1905,British Olympic Association,1905,EOC,European Olympic Committees (EOC)
GD,Grenada,GRN,1984,The Grenada Olympic Committee,1984,PANAM SPORTS,Panam Sports Organisation (PANAM SPORTS)
GE,Georgia,GEO,1993,Georgisches Nationales Olympisches Komitee,1989,EOC,European Olympic Committees (EOC)
GH,Ghana,GHA,1952,Ghana Olympic Committee,1952,ANOCA,Association of National Olympic Committees of Africa (ANOCA)
GM,Gambia (the),GAM,1976,Gambia National Olympic Committee,1972,ANOCA,Association of National Olympic Committees of Africa (ANOCA)
GN,Guinea,GUI,1965,Comité National Olympique et Sportif Guinéen,1964,ANOCA,Association of National Olympic Committees of Africa (ANOCA)
GQ,Equatorial Guinea,GEQ,1984,Comité National Olympique Equato-Guinéen,1980,ANOCA,Association of National Olympic Committees of Africa (ANOCA)
GR,Greece,GRE,1895,Hellenic Olympic Committee,1894,EOC,European Olympic Committees (EOC)
GT,Guatemala,GUA,1947,Comité Olímpico Guatemalteco,1947,PANAM SPORTS,Panam Sports Organisation (PANAM SPORTS)
GU,Guam,GUM,1986,Guam National Olympic Committee,1976,ONOC,Oceania National Olympic Committees (ONOC)
GW,Guinea-Bissau,GBS,1995,Comité Olímpico da Guiné-Bissau,1992,ANOCA,Association of National Olympic Committees of Africa (ANOCA)
GY,Guyana,GUY,1948,Guyana Olympic Association,1935,PANAM SPORTS,Panam Sports Organisation (PANAM SPORTS)
HK,Hong Kong,HKG,1951,Sports Federation and Olympic Committee of Hong Kong China,1950,OCA,Olympic Council of Asia (OCA)
HN,Honduras,HON,1956,Comité Olímpico Hondureño,1956,PANAM SPORTS,Panam Sports Organisation (PANAM SPORTS)
HR,Croatia,CRO,1993,Croatian Olympic Committee,1991,EOC,European Olympic Committees (EOC)
HT,Haiti,HAI,1924,Comité Olympique Haïtien,1914,PANAM SPORTS,Panam Sports Organisation (PANAM SPORTS)
HU,Hungary,HUN,1895,Hungarian Olympic Committee,1895,EOC,European Olympic Committees (EOC)
ID,Indonesia,INA,1952,Komite Olimpiade Indonesia,1946,OCA,Olympic Council of Asia (OCA)
IE,Ireland,IRL,1922,Olympic Federation of Ireland,1922,EOC,European Olympic Committees (EOC)
IL,Israel,ISR,1952,Olympic Committee of Israel,1933,EOC,European Olympic Committees (EOC)
IN,India,IND,1927,Indian Olympic Association,1927,OCA,Olympic Council of Asia (OCA)
IQ,Iraq,IRQ,1948,National Olympic Committee of Iraq,1948,OCA,Olympic Council of Asia (OCA)
IR,Iran (Islamic Republic of),IRI,1947,National Olympic Committee of the Islamic Republic of Iran,1947,OCA,Olympic Council of Asia (OCA)
IS,Iceland,ISL,1935,National Olympic and Sports Association of Iceland,1921,EOC,European Olympic Committees (EOC)
IT,Italy,ITA,1915,Comitato Olimpico Nazionale Italiano,1908,EOC,European Olympic Committees (EOC)
JM,Jamaica,JAM,1936,Jamaica Olympic Association,1936,PANAM SPORTS,Panam Sports Organisation (PANAM SPORTS)
JO,Jordan,JOR,1963,Jordan Olympic Committee,1957,OCA,Olympic Council of Asia (OCA)
JP,Japan,JPN,1912,Japanese Olympic Committee,1911,OCA,Olympic Council of Asia (OCA)
KE,Kenya,KEN,1955,National Olympic Committee Kenya,1955,ANOCA,Association of National Olympic Committees of Africa (ANOCA)
KG,Kyrgyzstan,KGZ,1993,National Olympic Committee of the Kyrgyz Republic,1991,OCA,Olympic Council of Asia (OCA)
KH,Cambodia,CAM,1994,National Olympic Committee of Cambodia,1983,OCA,Olympic Council of Asia (OCA)
KI,Kiribati,KIR,2003,Kiribati National Olympic Committee,2002,ONOC,Oceania National Olympic Committees (ONOC)
KM,Comoros (the),COM,1993,Comité Olympique et Sportif des Îles Comores,1979,ANOCA,Association of National Olympic Committees of Africa (ANOCA)
KN,Saint Kitts and Nevis,SKN,1993,St. Kitts and Nevis Olympic Association,1986,PANAM SPORTS,Panam Sports Organisation (PANAM SPORTS)
KP,Korea (the Democratic People's Republic of),PRK,1957,Olympic Committee of the Democratic People's Republic of Korea,1953,OCA,Olympic Council of Asia (OCA)
KR,Korea (the Republic of),KOR,1947,Korean Sport & Olympic Committee,1946,OCA,Olympic Council of Asia (OCA)
KW,Kuwait,KUW,1966,Kuwait Olympic Committee,1957,OCA,Olympic Council of Asia (OCA)
KY,Cayman Islands (the),CAY,1976,Cayman Islands Olympic Committee,1973,PANAM SPORTS,Panam Sports Organisation (PANAM SPORTS)
KZ,Kazakhstan,KAZ,1993,National Olympic Committee of the Republic of Kazakhstan,1990,OCA,Olympic Council of Asia (OCA)
LA,Lao People's Democratic Republic (the),LAO,1979,National Olympic Committee of Lao,1975,OCA,Olympic Council of Asia (OCA)
LB,Lebanon,LIB,1948,Lebanese Olympic Committee,1947,ANOCA,Association of National Olympic Committees of Africa (ANOCA)
LC,Saint Lucia,LCA,1993,St Lucia Olympic Committee,1987,ANOCA,Association of National Olympic Committees of Africa (ANOCA)
LI,Liechtenstein,LIE,1935,Liechtenstein Olympic Committee,1935,EOC,European Olympic Committees (EOC)
LK,Sri Lanka,SRI,1937,National Olympic Committee of Sri Lanka,1937,OCA,Olympic Council of Asia (OCA)
LR,Liberia,LBR,1955,Liberia National Olympic Committee,1954,OCA,Olympic Council of Asia (OCA)
LS,Lesotho,LES,1972,Lesotho National Olympic Committee,1971,PANAM SPORTS,Panam Sports Organisation (PANAM SPORTS)
LT,Lithuania,LTU,1923,National Olympic Committee of Lithuania,1922,EOC,European Olympic Committees (EOC)
LU,Luxembourg,LUX,1912,Comité Olympique et Sportif Luxembourgeois,1912,EOC,European Olympic Committees (EOC)
LV,Latvia,LAT,1923,Latvian Olympic Committee,1922,EOC,European Olympic Committees (EOC)
LY,Libya,LBA,1963,Libyan Olympic Committee,1962,ANOCA,Association of National Olympic Committees of Africa (ANOCA)
MA,Morocco,MAR,1959,Comité Olympique Marocain,1959,ANOCA,Association of National Olympic Committees of Africa (ANOCA)
MC,Monaco,MON,1953,Comité Olympique Monégasque,1907,EOC,European Olympic Committees (EOC)
MD,Moldova (the Republic of),MDA,1993,Comitetul Național Olimpic și Sportiv din Republica Moldova,1991,EOC,European Olympic Committees (EOC)
ME,Montenegro,MNE,2007,Montenegrin Olympic Committee,2006,EOC,European Olympic Committees (EOC)
MG,Madagascar,MAD,1964,Comité Olympique Malgache,1963,ANOCA,Association of National Olympic Committees of Africa (ANOCA)
MH,Marshall Islands (the),MHL,2006,Marshall Islands National Olympic Committee,2001,ONOC,Oceania National Olympic Committees (ONOC)
MK,North Macedonia,MKD,1993,Olympic Committee of North Macedonia,1992,EOC,European Olympic Committees (EOC)
ML,Mali,MLI,1963,Comité National Olympique et Sportif du Mali,1962,ANOCA,Association of National Olympic Committees of Africa (ANOCA)
MM,Myanmar,MYA,1947,Myanmar Olympic Committee,1947,OCA,Olympic Council of Asia (OCA)
MN,Mongolia,MGL,1962,Mongolian National Olympic Committee,1956,OCA,Olympic Council of Asia (OCA)
MR,Macao,MTN,1979,Comité National Olympique et Sportif Mauritanien,1962,ANOCA,Association of National Olympic Committees of Africa (ANOCA)
MT,Malta,MLT,1936,Malta Olympic Committee,1928,EOC,European Olympic Committees (EOC)
MU,Mauritius,MRI,1972,Mauritius Olympic Committee,1971,ANOCA,Association of National Olympic Committees of Africa (ANOCA)
MV,Maldives,MDV,1985,Maldives Olympic Committee,1985,OCA,Olympic Council of Asia (OCA)
MW,Malawi,MAW,1968,Olympic and Commonwealth Games Association of Malawi,1968,ANOCA,Association of National Olympic Committees of Africa (ANOCA)
MX,Mexico,MEX,1923,Comité Olímpico Mexicano,1923,PANAM SPORTS,Panam Sports Organisation (PANAM SPORTS)
MY,Malaysia,MAS,1954,Olympic Council of Malaysia,1953,OCA,Olympic Council of Asia (OCA)
MZ,Mozambique,MOZ,1979,Comité Olímpico Nacional de Moçambique,1979,ANOCA,Association of National Olympic Committees of Africa (ANOCA)
NA,Namibia,NAM,1991,Namibia National Olympic Committee,1990,ANOCA,Association of National Olympic Committees of Africa (ANOCA)
NE,Niger (the),NIG,1964,Comité Olympique et Sportif National du Niger,1964,ANOCA,Association of National Olympic Committees of Africa (ANOCA)
NG,Nigeria,NGR,1951,Nigeria Olympic Committee,1951,ANOCA,Association of National Olympic Committees of Africa (ANOCA)
NI,Nicaragua,NCA,1959,Comité Olímpico Nicaragüense,1959,PANAM SPORTS,Panam Sports Organisation (PANAM SPORTS)
NL,Netherlands (Kingdom of the),NED,1912,Nederlands Olympisch Comité*Nederlandse Sport Federatie,1912,EOC,European Olympic Committees (EOC)
NO,Norway,NOR,1900,Norwegian Olympic and Paralympic Committee and Confederation of Sports,1900,EOC,European Olympic Committees (EOC)
NP,Nepal,NEP,1963,Nepal Olympic Committee,1962,OCA,Olympic Council of Asia (OCA)
NR,Nauru,NRU,1994,Nauru Olympic Committee,1991,ONOC,Oceania National Olympic Committees (ONOC)
NZ,New Zealand,NZL,1919,New Zealand Olympic Committee,1911,ONOC,Oceania National Olympic Committees (ONOC)
OM,Oman,OMA,1982,Oman Olympic Committee,1982,OCA,Olympic Council of Asia (OCA)
PA,Panama,PAN,1947,Comité Olímpico de Panamá,1934,PANAM SPORTS,Panam Sports Organisation (PANAM SPORTS)
PE,Peru,PER,1936,Comité Olímpico Peruano,1924,PANAM SPORTS,Panam Sports Organisation (PANAM SPORTS)
PG,Papua New Guinea,PNG,1974,Papua New Guinea Olympic Committee,1973,ONOC,Oceania National Olympic Committees (ONOC)
PH,Philippines (the),PHI,1929,Philippine Olympic Committee,1911,OCA,Olympic Council of Asia (OCA)
PK,Pakistan,PAK,1948,Pakistan Olympic Association,1948,OCA,Olympic Council of Asia (OCA)
PL,Poland,POL,1919,Polish Olympic Committee,1918,EOC,European Olympic Committees (EOC)
PR,Puerto Rico,PUR,1948,Comité Olímpico de Puerto Rico,1948,PANAM SPORTS,Panam Sports Organisation (PANAM SPORTS)
PS,"Palestine, State of",PLE,1995 ,Palestine Olympic Committee,1995 ,OCA,Olympic Council of Asia (OCA)
PT,Portugal,POR,1909,Comité Olímpico de Portugal,1909,EOC,European Olympic Committees (EOC)
PW,Palau,PLW,1999,Palau National Olympic Committee,1997,ONOC,Oceania National Olympic Committees (ONOC)
PY,Paraguay,PAR,1970,Comité Olímpico Paraguayo,1970,PANAM SPORTS,Panam Sports Organisation (PANAM SPORTS)
QA,Qatar,QAT,1980,Qatar Olympic Committee,1979,OCA,Olympic Council of Asia (OCA)
RO,Romania,ROU,1914,Romanian Olympic and Sports Committee,1914,EOC,European Olympic Committees (EOC)
RS,Serbia,SRB,1912,Olympic Committee of Serbia,1910,EOC,European Olympic Committees (EOC)
RU,Russian Federation (the),RUS,1912,Russian Olympic Committee,1911,EOC,European Olympic Committees (EOC)
RW,Rwanda,RWA,1984,Comité National Olympique et Sportif du Rwanda,1984,ANOCA,Association of National Olympic Committees of Africa (ANOCA)
SA,Saudi Arabia,KSA,1965,Saudi Olympic and Paralympic Committee,1964,OCA,Olympic Council of Asia (OCA)
SB,Solomon Islands,SOL,1983,National Olympic Committee of Solomon Islands,1983,ONOC,Oceania National Olympic Committees (ONOC)
SC,Seychelles,SEY,1979,Seychelles National Olympic Committee,1979,ANOCA,Association of National Olympic Committees of Africa (ANOCA)
SD,Sudan (the),SUD,1959,Sudan Olympic Committee,1956,ANOCA,Association of National Olympic Committees of Africa (ANOCA)
SE,Sweden,SWE,1913,Swedish Olympic Committee,1913,EOC,European Olympic Committees (EOC)
SG,Singapore,SGP,1948,Singapore National Olympic Council,1947,OCA,Olympic Council of Asia (OCA)
SI,Slovenia,SLO,1992,Olympic Committee of Slovenia Association of Sports Federations,1991,EOC,European Olympic Committees (EOC)
SK,Slovakia,SVK,1993,Slovak Olympic and Sports Committee,1992,EOC,European Olympic Committees (EOC)
SL,Sierra Leone,SLE,1964,National Olympic Committee of Sierra Leone,1964,ANOCA,Association of National Olympic Committees of Africa (ANOCA)
SM,San Marino,SMR,1959,Comitato Olimpico Nazionale Sammarinese,1959,EOC,European Olympic Committees (EOC)
SN,Senegal,SEN,1963,Comité National Olympique et Sportif Sénégalais,1961,ANOCA,Association of National Olympic Committees of Africa (ANOCA)
SO,Somalia,SOM,1972,Somalia National Olympic Committee,1959,ANOCA,Association of National Olympic Committees of Africa (ANOCA)
SR,Suriname,SUR,1959,Surinaams Olympisch Comité,1959,PANAM SPORTS,Panam Sports Organisation (PANAM SPORTS)
SS,South Sudan,SSD,2015,South Sudan National Olympic Committee,2015,ANOCA,Association of National Olympic Committees of Africa (ANOCA)
ST,Sao Tome and Principe,STP,1993,Comité Olímpico de São Tomé e Príncipe,1979,ANOCA,Association of National Olympic Committees of Africa (ANOCA)
SV,El Salvador,ESA,1962,Comité Olímpico de El Salvador,1949,PANAM SPORTS,Panam Sports Organisation (PANAM SPORTS)
SY,Syrian Arab Republic (the),SYR,1948,Syrian Olympic Committee,1948,OCA,Olympic Council of Asia (OCA)
SZ,Eswatini,SWZ,1972,Eswatini Olympic and Commonwealth Games Association,1971,ANOCA,Association of National Olympic Committees of Africa (ANOCA)
TD,Chad,CHA,1964,Comité Olympique et Sportif Tchadien,1963,ANOCA,Association of National Olympic Committees of Africa (ANOCA)
TG,Togo,TOG,1965,Comité National Olympique Togolais,1963,ANOCA,Association of National Olympic Committees of Africa (ANOCA)
TH,Thailand,THA,1950,Olympic Committee of Thailand,1948,OCA,Olympic Council of Asia (OCA)
TJ,Tajikistan,TJK,1993,National Olympic Committee of Tajikistan,1992 ,OCA,Olympic Council of Asia (OCA)
TL,Timor-Leste,TLS,2003,Comité Olímpico Nacional de Timor-Leste,2003,OCA,Olympic Council of Asia (OCA)
TM,Turkmenistan,TKM,1993,National Olympic Committee of Turkmenistan,1990,OCA,Olympic Council of Asia (OCA)
TN,Tunisia,TUN,1957,Comité National Olympique Tunisien,1957,ANOCA,Association of National Olympic Committees of Africa (ANOCA)
TO,Tonga,TGA,1984,Tonga Sports Association and National Olympic Committee,1963,ONOC,Oceania National Olympic Committees (ONOC)
TR,Türkiye,TUR,1911,Turkish Olympic Committee,1908,EOC,European Olympic Committees (EOC)
TT,Trinidad and Tobago,TTO,1948,Trinidad and Tobago Olympic Committee,1946,PANAM SPORTS,Panam Sports Organisation (PANAM SPORTS)
TV,Tuvalu,TUV,2007,Tuvalu Association of Sports and National Olympic Committee,2004,ONOC,Oceania National Olympic Committees (ONOC)
TW,Taiwan (Province of China),TPE,1986,Chinese Taipei Olympic Committee,1986,OCA,Olympic Council of Asia (OCA)
TZ,"Tanzania, the United Republic of",TAN,1968,Tanzania Olympic Committee,1968,ANOCA,Association of National Olympic Committees of Africa (ANOCA)
UA,Ukraine,UKR,1993,National Olympic Committee of Ukraine,1990,EOC,European Olympic Committees (EOC)
UG,Uganda,UGA,1956,Uganda Olympic Committee,1950,ANOCA,Association of National Olympic Committees of Africa (ANOCA)
US,United States of America (the),USA,1894,United States Olympic Committee,1894,PANAM SPORTS,Panam Sports Organisation (PANAM SPORTS)
UY,Uruguay,URU,1923,Comité Olímpico Uruguayo,1923,PANAM SPORTS,Panam Sports Organisation (PANAM SPORTS)
UZ,Uzbekistan,UZB,1993,National Olympic Committee of the Republic of Uzbekistan,1992,OCA,Olympic Council of Asia (OCA)
VC,Saint Vincent and the Grenadines,VIN,1987,St. Vincent and the Grenadines National Olympic Committee,1982,PANAM SPORTS,Panam Sports Organisation (PANAM SPORTS)
VE,Venezuela (Bolivarian Republic of),VEN,1935,Comité Olímpico Venezolano,1935,PANAM SPORTS,Panam Sports Organisation (PANAM SPORTS)
VG,Virgin Islands (British),IVB,1967,British Virgin Islands Olympic Committee,1967,PANAM SPORTS,Panam Sports Organisation (PANAM SPORTS)
VI,Virgin Islands (U.S.),ISV,1967,Virgin Islands Olympic Committee,1967,PANAM SPORTS,Panam Sports Organisation (PANAM SPORTS)
VN,Viet Nam,VIE,1951,Vietnam Olympic Committee,1951,OCA,Olympic Council of Asia (OCA)
VU,Vanuatu,VAN,1987,Vanuatu National Olympic Committee,1987,ONOC,Oceania National Olympic Committees (ONOC)
WS,Samoa,SAM,1983,Samoa Association of Sports and National Olympic Committee Inc.,1983,ONOC,Oceania National Olympic Committees (ONOC)
XK,Yemen,KOS,2014,Kosovo Olympic Committee,1992,EOC,European Olympic Committees (EOC)
YE,Mayotte,YEM,1981,Yemen Olympic Committee,1971,OCA,Olympic Council of Asia (OCA)
ZA,South Africa,RSA,1912,South African Sports Confederation and Olympic Committee,1912,ANOCA,Association of National Olympic Committees of Africa (ANOCA)
ZM,Zambia,ZAM,1964,National Olympic Committee of Zambia,1964,ANOCA,Association of National Olympic Committees of Africa (ANOCA)
ZW,Zimbabwe,ZIM,1959,Zimbabwe Olympic Committee,1934,ANOCA,Association of National Olympic Committees of Africa (ANOCA)
